"longitude","latitude","GST"
"24.0","49.0","5.850214640299502"
"2.0","46.0","9.31952819824221"
"-7.0","44.0","15.833794148763044"
"6.0","44.0","8.54546305338544"
"-12.0","43.0","16.142658487955753"
"-11.0","29.0","20.147424316406273"
"-3.0","29.0","22.89245300292971"
"13.0","29.0","22.06699422200523"
"3.0","39.0","19.921468098958357"
"4.0","39.0","20.094295247395856"
"23.0","37.0","18.825420125325543"
"-7.0","50.0","12.90104675292971"
"-8.0","49.0","13.41287027994794"
"27.0","49.0","7.084782918294294"
"37.0","49.0","7.038323974609398"
"17.0","46.0","10.630304972330752"
"-13.0","45.0","15.31119791666669"
"15.0","45.0","9.535913085937523"
"-7.0","43.0","9.33006998697919"
"-8.0","42.0","10.710596720377627"
"10.0","42.0","18.023618570963563"
"19.0","42.0","18.228032430013045"
"37.0","42.0","16.32352498372398"
"24.0","41.0","12.855832926432315"
"-13.0","38.0","18.3137878417969"
"29.0","38.0","13.90445251464846"
"-6.0","37.0","18.937304687500024"
"-7.0","36.0","19.373396809895855"
"16.0","34.0","22.944033813476587"
"28.0","33.0","22.35929870605471"
"-12.0","30.0","21.069385782877628"
"26.0","52.0","6.842681884765648"
"36.0","52.0","4.6461954752604395"
"38.0","50.0","6.03503824869794"
"21.0","48.0","9.542328898112002"
"9.0","47.0","3.9802612304687726"
"33.0","47.0","9.513713582356793"
"-6.0","45.0","15.523790486653668"
"5.0","45.0","9.377998860677106"
"26.0","45.0","8.868061319987001"
"14.0","43.0","17.477020263671896"
"3.0","32.0","20.77191569010419"
"8.0","31.0","22.46457417805992"
"1.0","41.0","15.473892211914086"
"21.0","41.0","9.545771280924502"
"9.0","40.0","14.545880126953147"
"22.0","39.0","12.223281860351586"
"5.0","38.0","20.164121500651063"
"-12.0","36.0","19.136037190755232"
"5.0","52.0","10.16521911621096"
"6.0","51.0","10.096088663737001"
"14.0","50.0","8.235474650065127"
"20.0","50.0","7.497114054362002"
"-9.0","48.0","13.798058064778669"
"1.0","48.0","10.605394490559918"
"-11.0","47.0","14.42946980794273"
"29.0","46.0","10.237891642252627"
"24.0","30.0","22.319413248697938"
"32.0","30.0","22.258729044596375"
"34.0","29.0","18.058868408203146"
"15.0","32.0","23.455972290039085"
"22.0","32.0","21.103480021158877"
"-10.0","31.0","19.928487141927107"
"23.0","31.0","22.615405273437524"
"38.0","36.0","19.963181559244813"
"32.0","35.0","22.347708129882836"
"1.0","34.0","15.307132975260439"
"38.0","43.0","15.475121053059919"
"33.0","40.0","9.887946573893252"
"15.0","39.0","21.037202962239608"
"-10.0","37.0","18.578548177083356"
"12.0","37.0","21.0668395996094"
"31.0","37.0","16.951246134440126"
"14.0","36.0","21.640862019856794"
"-6.0","52.0","11.719433593750022"
"-7.0","51.0","12.284009806315128"
"-12.0","50.0","12.811584472656273"
"25.0","47.0","5.140837605794293"
"-13.0","46.0","14.880243937174502"
"11.0","46.0","6.148583984375023"
"-2.0","29.0","22.99645996093752"
"18.0","29.0","23.410970052083357"
"25.0","29.0","21.792945353190127"
"33.0","33.0","23.30540466308596"
"12.0","31.0","20.496084594726586"
"-1.0","35.0","16.836545817057313"
"24.0","35.0","20.467541503906272"
"9.0","33.0","21.63009948730471"
"17.0","33.0","23.486954752604188"
"16.0","42.0","18.414570109049503"
"25.0","40.0","17.270896402994815"
"-4.0","38.0","16.031871541341168"
"26.0","38.0","19.22751159667971"
"8.0","37.0","19.997490437825544"
"3.0","52.0","12.704706827799502"
"24.0","48.0","5.197332763671898"
"-3.0","44.0","16.160089111328148"
"18.0","44.0","7.351211547851586"
"35.0","44.0","14.329882812500022"
"27.0","42.0","12.487934366862001"
"2.0","38.0","20.526677449544295"
"26.0","37.0","19.955776977539085"
"20.0","33.0","23.352503458658877"
"-11.0","32.0","20.550276692708355"
"-4.0","31.0","21.69804585774742"
"5.0","31.0","23.107367960612002"
"14.0","30.0","22.101452636718772"
"21.0","29.0","23.544219970703146"
"-4.0","51.0","10.524152628580753"
"18.0","51.0","8.892910766601585"
"35.0","51.0","5.426918538411481"
"10.0","49.0","8.482648722330753"
"2.0","45.0","9.913165283203147"
"-4.0","44.0","16.47433776855471"
"-11.0","39.0","17.502002970377628"
"9.0","39.0","19.294094848632835"
"14.0","35.0","22.274133300781273"
"38.0","35.0","17.486987304687524"
"9.0","32.0","21.76461385091148"
"33.0","32.0","23.260473632812523"
"26.0","31.0","21.30961100260419"
"15.0","52.0","9.836821492513044"
"-3.0","51.0","10.25744323730471"
"8.0","50.0","9.379895019531272"
"23.0","50.0","8.117225138346377"
"28.0","47.0","8.731011962890648"
"-1.0","46.0","12.683995564778668"
"32.0","46.0","12.759311930338564"
"28.0","40.0","14.329359944661482"
"25.0","39.0","18.374627685546898"
"33.0","39.0","12.17796325683596"
"5.0","37.0","20.256045532226587"
"36.0","37.0","19.069429524739608"
"6.0","36.0","14.285543823242211"
"-12.0","35.0","19.5434020996094"
"25.0","32.0","22.668391927083356"
"38.0","30.0","20.95169169108075"
"1.0","29.0","24.103008015950543"
"22.0","50.0","8.318919881184918"
"-4.0","49.0","12.777966308593772"
"8.0","48.0","7.901630655924502"
"37.0","47.0","8.990349324544294"
"3.0","43.0","13.758467610677107"
"36.0","30.0","18.613435872395858"
"14.0","29.0","22.55326843261721"
"24.0","32.0","22.24114481608075"
"13.0","31.0","20.910811360677105"
"5.0","35.0","18.762250773112"
"26.0","35.0","20.57039489746096"
"-7.0","34.0","20.069195556640647"
"8.0","34.0","22.27998250325523"
"19.0","33.0","23.199963378906272"
"35.0","42.0","14.052436319987002"
"25.0","37.0","19.468577067057314"
"35.0","49.0","7.429295857747419"
"27.0","47.0","8.28398132324221"
"0.0","46.0","11.928061930338565"
"16.0","46.0","10.216084798177105"
"1.0","45.0","12.037201944987002"
"17.0","44.0","6.7143320719401265"
"20.0","29.0","23.414959716796897"
"38.0","29.0","20.74209391276044"
"-6.0","35.0","19.093879191080752"
"10.0","33.0","20.725320434570335"
"-4.0","42.0","10.28526306152346"
"10.0","40.0","19.060792032877625"
"27.0","40.0","13.710552978515647"
"34.0","37.0","10.195910644531272"
"-1.0","51.0","10.307770792643252"
"3.0","50.0","10.102710978190126"
"15.0","50.0","8.836738077799502"
"23.0","48.0","9.207459513346377"
"-12.0","47.0","14.462408447265648"
"10.0","47.0","0.16725362141929356"
"12.0","46.0","8.210742187500022"
"31.0","46.0","12.945774332682314"
"-6.0","30.0","22.355840047200545"
"-12.0","29.0","21.00159606933596"
"27.0","33.0","22.542247517903668"
"37.0","33.0","19.571483357747418"
"-11.0","31.0","20.34623921712242"
"-2.0","31.0","21.55263366699221"
"25.0","31.0","21.57888895670575"
"18.0","42.0","19.347314453125023"
"8.0","41.0","19.102467854817732"
"37.0","40.0","7.8894917805989815"
"-11.0","37.0","18.749234008789085"
"-2.0","37.0","19.18547261555992"
"9.0","37.0","19.166623942057313"
"13.0","37.0","21.194549560546896"
"33.0","37.0","10.049424235026065"
"1.0","52.0","10.501917521158877"
"17.0","51.0","9.003583780924503"
"-10.0","48.0","13.828956095377627"
"-1.0","44.0","13.980676269531273"
"15.0","43.0","18.10456746419273"
"33.0","31.0","22.85110982259117"
"5.0","30.0","23.223763020833356"
"26.0","30.0","21.859948730468773"
"9.0","31.0","22.2647888183594"
"7.0","35.0","15.818369547526064"
"36.0","35.0","20.141526285807313"
"-8.0","33.0","20.059033203125022"
"-3.0","42.0","8.566162109375023"
"23.0","41.0","13.297725423177106"
"24.0","39.0","18.16891784667971"
"28.0","38.0","14.98612976074221"
"15.0","36.0","21.699846394856795"
"6.0","52.0","10.03762410481773"
"7.0","51.0","9.74523824055992"
"37.0","51.0","5.0537892659505435"
"28.0","49.0","6.992403157552106"
"11.0","47.0","-0.1556111653645606"
"29.0","47.0","9.134047444661482"
"34.0","46.0","10.596012369791689"
"37.0","44.0","14.232504272460961"
"2.0","33.0","18.828443400065126"
"-13.0","40.0","17.407481892903668"
"11.0","40.0","19.741048177083357"
"5.0","39.0","19.960700480143252"
"-5.0","38.0","16.8540222167969"
"-12.0","37.0","18.685185750325545"
"0.0","36.0","20.2833201090495"
"15.0","29.0","22.91167399088544"
"13.0","46.0","11.411396280924501"
"-7.0","45.0","15.405866495768253"
"10.0","44.0","15.189907836914085"
"16.0","43.0","18.539155069987"
"9.0","41.0","17.543613688151066"
"25.0","41.0","13.38091939290367"
"33.0","41.0","7.738360595703147"
"6.0","38.0","20.325864664713563"
"30.0","38.0","12.292516072591168"
"38.0","37.0","17.100591023763045"
"16.0","36.0","21.92176717122398"
"17.0","34.0","22.970573933919294"
"33.0","34.0","23.19272359212242"
"35.0","32.0","22.149512736002627"
"27.0","31.0","21.220142618815128"
"1.0","30.0","22.150576782226587"
"21.0","33.0","23.084789021809918"
"19.0","51.0","8.15165710449221"
"27.0","51.0","6.937866210937523"
"9.0","48.0","7.480906168619814"
"25.0","48.0","4.037727864583356"
"33.0","48.0","8.12372741699221"
"2.0","47.0","11.127809651692731"
"-2.0","46.0","14.798840332031272"
"18.0","46.0","11.102421061197939"
"35.0","46.0","10.752442423502627"
"6.0","45.0","3.06553649902346"
"-8.0","44.0","15.46538289388023"
"19.0","44.0","8.67796325683596"
"11.0","33.0","22.509002685546896"
"28.0","42.0","15.487012736002628"
"2.0","40.0","19.448493448893252"
"-4.0","39.0","13.709931437174502"
"26.0","39.0","18.389407348632837"
"9.0","34.0","21.384045410156272"
"-13.0","33.0","20.287555948893253"
"-9.0","33.0","20.28549499511721"
"26.0","32.0","23.135551961263044"
"-12.0","31.0","20.927337646484396"
"14.0","31.0","22.80161031087242"
"29.0","33.0","22.40018717447919"
"-7.0","52.0","11.401777140299503"
"-8.0","51.0","12.35830993652346"
"10.0","51.0","8.511855061848982"
"-11.0","48.0","13.847471110026065"
"-13.0","47.0","14.373238118489606"
"-3.0","46.0","14.94115397135419"
"7.0","44.0","7.2436381022135645"
"27.0","44.0","11.538551839192731"
"20.0","42.0","10.44137878417971"
"29.0","40.0","12.21286315917971"
"-7.0","38.0","16.2290222167969"
"14.0","37.0","20.23264872233075"
"1.0","35.0","15.238772583007835"
"3.0","29.0","23.034880574544292"
"-4.0","32.0","17.786756388346376"
"13.0","52.0","10.247193400065127"
"33.0","52.0","5.313171386718773"
"34.0","52.0","5.100783284505231"
"-6.0","50.0","12.774061075846378"
"23.0","49.0","5.628429158528669"
"20.0","48.0","9.238887532552106"
"13.0","45.0","16.6044372558594"
"15.0","44.0","17.127542114257835"
"26.0","43.0","9.746612548828148"
"-7.0","42.0","9.293836466471378"
"-12.0","41.0","16.9610046386719"
"38.0","41.0","15.37438863118492"
"-5.0","37.0","16.758772786458355"
"3.0","37.0","20.59891764322919"
"26.0","36.0","20.55901794433596"
"-10.0","35.0","19.72227274576825"
"0.0","35.0","16.62749430338544"
"23.0","35.0","21.59707234700523"
"1.0","32.0","20.12661844889325"
"5.0","50.0","8.857749430338565"
"7.0","50.0","8.37334899902346"
"19.0","50.0","8.02190144856773"
"-7.0","49.0","13.388093058268252"
"14.0","48.0","7.66125895182294"
"24.0","47.0","7.914068603515648"
"2.0","44.0","11.068742879231793"
"36.0","43.0","15.37605387369794"
"-9.0","39.0","16.270618693033878"
"1.0","39.0","20.019195556640646"
"9.0","38.0","20.483481852213565"
"25.0","38.0","19.126494344075542"
"31.0","35.0","22.52197875976565"
"14.0","34.0","23.012317911783878"
"22.0","31.0","22.253576660156273"
"12.0","30.0","21.472063191731795"
"-2.0","52.0","9.46147867838544"
"9.0","52.0","9.58848571777346"
"3.0","51.0","10.549488321940126"
"15.0","51.0","8.015967814127627"
"26.0","50.0","7.052845255533877"
"36.0","50.0","6.141512044270856"
"28.0","46.0","10.023041788737002"
"-11.0","45.0","15.287756347656273"
"25.0","45.0","8.107397460937523"
"33.0","45.0","13.502066040039086"
"-13.0","44.0","15.797262573242211"
"-6.0","43.0","7.700816853841169"
"20.0","41.0","13.138830566406273"
"-2.0","38.0","13.977211507161481"
"33.0","38.0","11.757349650065127"
"22.0","37.0","17.48283386230471"
"-6.0","36.0","19.570307413737"
"36.0","36.0","19.244915771484397"
"12.0","35.0","22.572444661458356"
"-12.0","34.0","19.959564208984396"
"21.0","32.0","20.78525594075523"
"3.0","31.0","21.811976114908877"
"4.0","31.0","22.784673055013045"
"-10.0","30.0","20.356148274739606"
"17.0","29.0","23.39002380371096"
"32.0","29.0","20.80644226074221"
"-9.0","32.0","21.084462483723982"
"-11.0","52.0","11.939832560221378"
"25.0","52.0","7.081546020507835"
"8.0","49.0","9.788804117838565"
"38.0","48.0","7.254141235351585"
"-2.0","45.0","15.511272176106793"
"9.0","45.0","10.72283121744794"
"5.0","43.0","16.573536173502628"
"7.0","43.0","17.815383911132834"
"8.0","42.0","18.535769653320337"
"14.0","41.0","16.694386800130232"
"24.0","40.0","17.755532836914085"
"21.0","39.0","14.600628662109397"
"-11.0","38.0","18.256289672851587"
"4.0","37.0","19.765728759765647"
"30.0","37.0","10.523176066080753"
"5.0","36.0","14.361550903320335"
"38.0","34.0","18.057888793945335"
"8.0","30.0","22.807388305664084"
"23.0","30.0","22.856242879231793"
"31.0","30.0","23.24804382324221"
"-1.0","29.0","23.436927286783877"
"24.0","29.0","21.938061523437522"
"-9.0","51.0","12.31706746419273"
"29.0","51.0","6.3239003499349185"
"4.0","49.0","10.235261027018252"
"27.0","48.0","8.27939147949221"
"-1.0","45.0","13.777932739257835"
"17.0","45.0","10.543316650390647"
"29.0","44.0","14.542920939127628"
"2.0","31.0","21.09236450195315"
"29.0","31.0","22.95886230468752"
"0.0","33.0","16.892591349283876"
"-5.0","42.0","10.797417195638044"
"10.0","41.0","19.040747070312523"
"27.0","41.0","14.900780232747419"
"-10.0","40.0","16.50204976399742"
"35.0","36.0","23.068165079752628"
"-7.0","35.0","20.1481384277344"
"10.0","34.0","22.057078043619814"
"31.0","33.0","22.738359578450545"
"-13.0","51.0","12.345906575520855"
"35.0","50.0","6.3408884684245015"
"30.0","49.0","7.018389892578147"
"16.0","47.0","8.816282145182315"
"14.0","46.0","8.43325602213544"
"11.0","44.0","11.065122477213565"
"21.0","44.0","10.267121378580752"
"-4.0","43.0","9.991625976562522"
"12.0","33.0","23.209270222981793"
"4.0","42.0","17.52715250651044"
"22.0","42.0","9.906279500325544"
"0.0","40.0","16.39267476399742"
"12.0","40.0","20.214133707682315"
"31.0","40.0","10.549727376302107"
"32.0","38.0","10.690168253580753"
"-13.0","37.0","18.73832702636721"
"15.0","37.0","19.621592203776064"
"-3.0","36.0","19.85308024088544"
"6.0","30.0","23.073283894856793"
"-1.0","52.0","9.417359415690127"
"17.0","52.0","9.166046142578148"
"2.0","51.0","11.233612060546898"
"-4.0","50.0","12.390295410156273"
"-5.0","49.0","13.140158081054711"
"6.0","49.0","9.729706827799502"
"-12.0","48.0","13.917292277018252"
"10.0","48.0","7.794402058919293"
"0.0","47.0","11.357008870442732"
"38.0","46.0","10.523105875651064"
"-3.0","43.0","11.603912353515648"
"18.0","43.0","11.829930623372418"
"35.0","43.0","15.300540161132835"
"15.0","31.0","23.425416056315125"
"16.0","33.0","23.442840576171896"
"-4.0","36.0","20.132395426432314"
"18.0","36.0","21.85711364746096"
"-8.0","34.0","20.032306925455753"
"27.0","34.0","21.734148152669295"
"37.0","34.0","16.40397135416669"
"23.0","33.0","22.870571899414085"
"11.0","51.0","8.596240234375022"
"21.0","51.0","7.8104817708333565"
"37.0","48.0","7.6917277018229395"
"12.0","47.0","0.6765045166015853"
"31.0","47.0","9.55760701497398"
"20.0","46.0","11.757419840494814"
"-9.0","44.0","15.773323567708356"
"28.0","32.0","22.840141805013044"
"-13.0","31.0","21.02696228027346"
"-7.0","30.0","21.937978108723982"
"6.0","42.0","17.86883951822919"
"30.0","42.0","16.358441162109397"
"37.0","41.0","12.104610188802106"
"16.0","40.0","14.874383544921898"
"28.0","39.0","14.04729410807294"
"-1.0","38.0","18.36062927246096"
"17.0","38.0","21.098843383789085"
"8.0","35.0","15.152562459309918"
"19.0","34.0","22.81583658854169"
"-10.0","33.0","20.56724548339846"
"14.0","51.0","8.644904581705752"
"-1.0","50.0","13.151788330078148"
"21.0","49.0","6.083010864257835"
"4.0","47.0","9.518442789713564"
"22.0","47.0","10.20919596354169"
"-4.0","46.0","14.94816589355471"
"-10.0","45.0","15.357044474283876"
"12.0","45.0","14.116770426432314"
"-12.0","44.0","15.713097127278669"
"-1.0","43.0","9.63827819824221"
"28.0","37.0","18.796729532877627"
"5.0","32.0","22.47275085449221"
"20.0","31.0","23.78770446777346"
"-13.0","30.0","21.32098388671877"
"-9.0","30.0","19.460163370768253"
"2.0","30.0","22.424134318033875"
"4.0","29.0","23.365895589192732"
"-8.0","32.0","20.808124796549503"
"-11.0","41.0","16.763960774739605"
"15.0","40.0","20.085490926106793"
"7.0","39.0","19.908662923177108"
"25.0","34.0","22.01538696289065"
"8.0","52.0","9.865820312500023"
"31.0","52.0","5.894490559895856"
"-12.0","51.0","12.371387736002626"
"17.0","50.0","6.6655436197916895"
"24.0","50.0","7.834090169270856"
"-3.0","48.0","10.794087727864605"
"13.0","48.0","8.265280151367211"
"34.0","48.0","8.279558308919293"
"5.0","46.0","10.025601196289085"
"14.0","44.0","17.947940063476587"
"24.0","43.0","8.947282918294293"
"11.0","30.0","21.630332438151065"
"21.0","30.0","23.399194335937523"
"22.0","29.0","22.929498291015648"
"30.0","29.0","22.48916422526044"
"3.0","33.0","18.658215332031272"
"15.0","33.0","23.555713907877628"
"22.0","40.0","12.513919067382835"
"19.0","39.0","20.116914876302108"
"32.0","36.0","22.366353352864607"
"-9.0","35.0","19.592357381184918"
"2.0","35.0","16.010077921549502"
"11.0","35.0","22.06769205729169"
"-11.0","34.0","20.086983235677106"
"23.0","52.0","7.3820363362630435"
"38.0","51.0","5.124412027994814"
"32.0","50.0","6.834812418619815"
"18.0","48.0","10.48074645996096"
"3.0","47.0","10.707976277669294"
"8.0","45.0","11.29635213216148"
"23.0","45.0","7.217697143554711"
"32.0","43.0","15.62786051432294"
"23.0","38.0","17.234431966145856"
"7.0","32.0","22.178698730468774"
"19.0","32.0","23.718064371744813"
"36.0","32.0","19.751448567708355"
"38.0","31.0","20.85091959635419"
"1.0","42.0","11.15227966308596"
"-2.0","41.0","9.993658447265648"
"13.0","41.0","19.501199340820335"
"3.0","40.0","19.152193196614608"
"-8.0","39.0","15.742971801757836"
"-6.0","39.0","15.452805582682315"
"24.0","36.0","20.500818888346377"
"21.0","35.0","21.867871093750022"
"-2.0","34.0","16.092945353190128"
"-10.0","52.0","10.197374471028668"
"12.0","52.0","10.057191975911481"
"1.0","49.0","10.099375406901064"
"-2.0","48.0","11.099237060546898"
"15.0","47.0","5.948052978515648"
"26.0","46.0","5.407381184895856"
"31.0","45.0","14.10675964355471"
"38.0","44.0","14.50652770996096"
"8.0","38.0","20.24521687825523"
"20.0","37.0","21.255154418945335"
"29.0","30.0","22.261206054687523"
"-5.0","29.0","23.107839965820336"
"6.0","29.0","23.40386962890627"
"-6.0","32.0","10.855730183919293"
"-3.0","41.0","10.443533325195336"
"18.0","41.0","19.06867370605471"
"34.0","41.0","8.570135498046898"
"36.0","39.0","8.417094930013043"
"37.0","39.0","7.42245788574221"
"-10.0","38.0","18.039561971028668"
"-13.0","35.0","19.468870035807313"
"29.0","35.0","21.89249165852867"
"13.0","34.0","23.01919148763023"
"34.0","34.0","22.874045817057315"
"16.0","51.0","7.791742960612002"
"33.0","49.0","7.5261088053385645"
"26.0","47.0","4.73879089355471"
"-5.0","46.0","14.767586263020856"
"0.0","44.0","12.995859781901064"
"-2.0","35.0","18.72217407226565"
"35.0","33.0","21.996912638346377"
"25.0","30.0","22.156270345052107"
"34.0","30.0","20.068065388997418"
"19.0","29.0","23.67048034667971"
"26.0","29.0","22.147336832682313"
"0.0","51.0","10.475959269205752"
"15.0","48.0","6.762862141927106"
"35.0","47.0","9.27304382324221"
"-12.0","45.0","15.354465738932314"
"14.0","45.0","14.99772644042971"
"33.0","42.0","14.08205769856773"
"-4.0","40.0","13.495465087890647"
"26.0","40.0","16.77553609212242"
"35.0","40.0","9.65044860839846"
"8.0","39.0","19.592480468750022"
"32.0","37.0","11.088816324869814"
"1.0","36.0","18.430789184570337"
"25.0","35.0","19.721738688151063"
"23.0","32.0","21.723282877604188"
"33.0","30.0","20.8612243652344"
"-12.0","52.0","11.88500874837242"
"38.0","52.0","4.614797973632835"
"21.0","50.0","8.196016438802106"
"9.0","49.0","9.59001871744794"
"25.0","49.0","7.159167480468772"
"3.0","48.0","10.635517374674501"
"4.0","48.0","10.639989217122418"
"-4.0","47.0","14.156181844075544"
"5.0","47.0","10.553913370768251"
"-7.0","46.0","14.799580891927105"
"30.0","46.0","11.21870524088544"
"16.0","44.0","11.52493591308596"
"1.0","43.0","8.548968505859397"
"15.0","41.0","13.43937174479169"
"22.0","41.0","10.670933024088564"
"27.0","38.0","18.343007405598982"
"13.0","35.0","22.169089762369815"
"34.0","35.0","22.685077921549503"
"15.0","34.0","22.9894470214844"
"36.0","29.0","19.38340555826825"
"-10.0","32.0","19.679109700520858"
"13.0","30.0","21.57694498697919"
"5.0","29.0","23.471600341796897"
"14.0","52.0","10.18138631184898"
"1.0","50.0","11.29920349121096"
"22.0","48.0","9.961873372395855"
"6.0","46.0","8.325810750325543"
"18.0","33.0","23.40926411946617"
"17.0","42.0","18.63587849934898"
"3.0","41.0","18.746050008138045"
"-10.0","39.0","16.749768066406272"
"23.0","39.0","15.681355794270855"
"-12.0","38.0","18.141990152994815"
"24.0","37.0","20.066326904296897"
"-11.0","35.0","19.682381184895856"
"3.0","34.0","17.101922607421898"
"-4.0","33.0","16.07550455729169"
"24.0","31.0","22.10882263183596"
"-11.0","30.0","20.494275919596376"
"-2.0","30.0","22.369277954101584"
"9.0","30.0","22.70745035807294"
"-6.0","29.0","23.065454101562523"
"7.0","29.0","23.500408935546897"
"8.0","32.0","22.05794881184898"
"-4.0","52.0","8.838016764322939"
"18.0","52.0","8.803192138671898"
"-5.0","51.0","12.439932250976586"
"22.0","51.0","7.996912638346377"
"-4.0","45.0","15.694385782877626"
"34.0","45.0","10.329682413737002"
"35.0","45.0","11.106472778320335"
"3.0","44.0","9.116652425130232"
"0.0","42.0","12.639890543619815"
"17.0","40.0","19.97201131184898"
"2.0","39.0","20.403476969401066"
"18.0","38.0","20.580895996093773"
"6.0","37.0","19.350470987955752"
"7.0","36.0","15.724874877929711"
"19.0","36.0","21.79037984212242"
"6.0","31.0","22.819623819987"
"32.0","33.0","22.976675415039086"
"2.0","32.0","20.331248982747418"
"11.0","32.0","21.50537109375002"
"10.0","50.0","8.863144938151065"
"-10.0","49.0","13.253240966796898"
"28.0","48.0","8.319601440429711"
"1.0","46.0","11.149970499674502"
"21.0","46.0","11.60515543619794"
"-3.0","45.0","15.66626892089846"
"-5.0","44.0","16.523892211914085"
"4.0","44.0","12.00069986979169"
"30.0","44.0","14.789243570963565"
"10.0","43.0","18.540041097005233"
"-1.0","33.0","15.65563863118492"
"28.0","41.0","15.310445149739605"
"-1.0","40.0","11.827526855468772"
"32.0","40.0","10.63114929199221"
"-13.0","39.0","17.829710896809917"
"11.0","39.0","20.208879597981795"
"29.0","39.0","11.669219970703148"
"-3.0","38.0","14.085540771484398"
"34.0","38.0","11.112170410156272"
"16.0","35.0","22.383788045247417"
"28.0","34.0","21.991831461588564"
"-5.0","31.0","21.710773722330753"
"-13.0","32.0","20.697659301757835"
"27.0","43.0","10.944432576497418"
"30.0","51.0","6.562916056315127"
"0.0","49.0","10.445954386393252"
"12.0","49.0","8.716962687174503"
"17.0","47.0","10.32407633463544"
"32.0","47.0","9.464426676432314"
"-9.0","46.0","14.856514485677106"
"22.0","44.0","8.782082112630231"
"19.0","43.0","6.53627624511721"
"37.0","43.0","15.401910400390648"
"12.0","42.0","17.568423461914087"
"23.0","42.0","8.304822794596378"
"31.0","42.0","16.3563415527344"
"-8.0","36.0","19.38110961914065"
"10.0","36.0","19.710748291015648"
"20.0","34.0","22.717671712239607"
"29.0","32.0","22.841978963216167"
"30.0","31.0","23.406239827473982"
"16.0","30.0","23.27173767089846"
"9.0","29.0","22.814709472656272"
"24.0","33.0","22.619226074218773"
"-3.0","52.0","8.50741373697919"
"35.0","52.0","4.8650685628255435"
"4.0","51.0","10.21789449055992"
"-8.0","50.0","12.886659749348981"
"27.0","50.0","6.724853515625023"
"37.0","50.0","6.092842610677106"
"16.0","49.0","7.995383707682314"
"31.0","49.0","7.1515665690104395"
"-1.0","47.0","11.384393310546898"
"18.0","45.0","10.748068237304711"
"-8.0","43.0","11.274428304036482"
"-10.0","42.0","16.007304890950543"
"13.0","38.0","18.359526570638042"
"35.0","38.0","9.126059977213565"
"-7.0","37.0","18.714985148112003"
"27.0","36.0","20.974890136718773"
"37.0","36.0","18.934947713216168"
"-7.0","31.0","15.650459798177106"
"0.0","30.0","22.185577392578146"
"33.0","29.0","24.586987304687522"
"21.0","52.0","8.077244059244814"
"33.0","51.0","5.899016316731793"
"34.0","51.0","5.703178914388044"
"30.0","50.0","6.665306599934919"
"7.0","49.0","9.468005371093772"
"36.0","49.0","7.09655456542971"
"31.0","48.0","8.106653849283877"
"29.0","45.0","12.134369913737002"
"25.0","44.0","11.549382527669293"
"4.0","43.0","16.7502624511719"
"-9.0","38.0","17.033899943033877"
"35.0","37.0","17.987769571940127"
"4.0","36.0","15.512554931640647"
"27.0","35.0","21.045154825846378"
"-10.0","34.0","20.27915242513023"
"23.0","34.0","22.075982666015648"
"-12.0","33.0","20.408649698893253"
"38.0","33.0","19.17547607421877"
"-1.0","32.0","19.333794148763044"
"-3.0","31.0","21.402627563476585"
"35.0","31.0","21.9316589355469"
"26.0","42.0","12.622808837890648"
"19.0","52.0","8.50820719401044"
"8.0","51.0","8.227236938476585"
"28.0","50.0","6.548487345377627"
"17.0","49.0","9.07637125651044"
"32.0","49.0","7.397679646809919"
"22.0","46.0","10.489370727539086"
"10.0","45.0","11.920227050781273"
"31.0","44.0","14.897449747721376"
"28.0","43.0","13.286082967122418"
"-13.0","41.0","16.99311726888023"
"-11.0","40.0","17.01094360351565"
"13.0","40.0","19.865613810221376"
"-5.0","39.0","14.788990275065126"
"6.0","39.0","19.832368977864608"
"28.0","36.0","21.30417378743492"
"9.0","35.0","17.649273681640647"
"-7.0","32.0","17.72360026041669"
"4.0","32.0","21.831783040364606"
"6.0","32.0","22.634107462565126"
"31.0","31.0","24.13704223632815"
"17.0","30.0","23.182506306966168"
"37.0","52.0","4.60828552246096"
"-1.0","49.0","11.026059977213565"
"-13.0","48.0","13.886732991536482"
"2.0","48.0","10.837970987955751"
"-3.0","47.0","14.219257609049501"
"13.0","47.0","1.4243479410807518"
"15.0","46.0","8.295889282226586"
"12.0","44.0","12.029184977213564"
"23.0","44.0","10.705132039388044"
"29.0","41.0","16.071223958333356"
"-3.0","40.0","12.714725748697939"
"-2.0","40.0","11.048677571614606"
"16.0","37.0","21.682267252604188"
"20.0","36.0","21.6568786621094"
"33.0","35.0","20.049636840820334"
"2.0","34.0","15.186597696940128"
"25.0","33.0","22.604781087239605"
"34.0","33.0","23.328850301106794"
"-5.0","32.0","14.938870239257835"
"-4.0","29.0","23.142437744140647"
"29.0","52.0","6.241277058919294"
"0.0","48.0","10.888653564453147"
"16.0","48.0","7.829040527343773"
"-9.0","45.0","15.346897379557314"
"13.0","44.0","16.779743448893253"
"1.0","38.0","20.355320231119816"
"-4.0","37.0","15.327466837565128"
"-3.0","37.0","14.456093343098981"
"-5.0","36.0","19.665124511718773"
"3.0","36.0","15.430647786458357"
"10.0","35.0","20.41287333170575"
"19.0","35.0","22.335797119140647"
"12.0","34.0","23.016065470377626"
"31.0","34.0","22.35977986653648"
"28.0","29.0","21.964331054687523"
"18.0","31.0","24.06622721354169"
"-8.0","30.0","19.007137044270856"
"0.0","41.0","13.82864176432294"
"31.0","41.0","12.862632242838565"
"-13.0","52.0","11.962074788411481"
"-9.0","52.0","9.215960693359397"
"2.0","52.0","12.619304402669293"
"11.0","52.0","9.298544311523461"
"-11.0","51.0","12.256598917643252"
"9.0","51.0","8.34059244791669"
"13.0","51.0","8.922065226237002"
"25.0","51.0","7.443876139322939"
"6.0","50.0","8.043625895182315"
"-6.0","49.0","13.375115966796898"
"5.0","49.0","10.034552001953148"
"26.0","49.0","7.152898152669294"
"12.0","48.0","7.916394042968773"
"11.0","45.0","13.253027343750023"
"21.0","45.0","11.857824707031273"
"-11.0","44.0","15.667039998372418"
"9.0","44.0","18.05093892415367"
"34.0","44.0","14.248215738932315"
"-5.0","43.0","8.07809041341148"
"6.0","43.0","15.742427571614606"
"11.0","38.0","20.633111572265648"
"18.0","37.0","21.57090759277346"
"30.0","36.0","21.359939575195334"
"-8.0","35.0","20.234519449869815"
"37.0","35.0","18.902028401692732"
"0.0","34.0","15.977947998046897"
"14.0","33.0","23.536189778645856"
"10.0","30.0","22.49167683919273"
"27.0","30.0","22.861841837565127"
"5.0","42.0","17.70134989420575"
"-10.0","41.0","16.19318542480471"
"12.0","41.0","19.454396565755232"
"-12.0","40.0","17.268486531575544"
"32.0","39.0","11.089795939127628"
"22.0","43.0","9.084583536783876"
"-2.0","51.0","9.877947998046897"
"-5.0","50.0","12.561586507161481"
"4.0","50.0","9.682680257161481"
"19.0","49.0","5.47024841308596"
"14.0","47.0","3.2644022623698143"
"20.0","47.0","11.061998494466168"
"38.0","47.0","9.338629150390648"
"24.0","46.0","7.533447265625023"
"-2.0","44.0","16.303091430664086"
"33.0","44.0","14.585605875651064"
"30.0","43.0","15.585217285156272"
"21.0","38.0","20.278184000651063"
"22.0","36.0","21.025777180989607"
"19.0","30.0","23.742177327473982"
"37.0","30.0","19.533551025390647"
"17.0","32.0","23.85263875325523"
"32.0","32.0","23.278072102864606"
"34.0","31.0","21.680479939778667"
"7.0","30.0","22.92769978841148"
"-6.0","42.0","10.032667032877628"
"7.0","42.0","18.2275095621745"
"36.0","42.0","16.36499430338544"
"16.0","41.0","14.476343790690127"
"14.0","40.0","20.145001220703147"
"20.0","40.0","15.146771240234397"
"38.0","40.0","6.301358032226585"
"-1.0","39.0","14.234365844726586"
"17.0","39.0","18.840743001302105"
"20.0","43.0","6.584910074869814"
"10.0","52.0","9.31866353352867"
"27.0","52.0","6.582408650716169"
"11.0","48.0","7.726906331380231"
"18.0","47.0","10.224825032552106"
"36.0","45.0","12.273333740234397"
"37.0","45.0","12.491540527343773"
"-10.0","44.0","15.551277669270856"
"8.0","44.0","12.705823771158878"
"32.0","42.0","16.560211181640646"
"-7.0","39.0","15.470945231119815"
"30.0","39.0","10.074388631184918"
"10.0","38.0","20.338884480794295"
"37.0","38.0","9.851675415039086"
"17.0","35.0","22.52383219401044"
"-9.0","34.0","20.263440958658876"
"29.0","34.0","21.987954711914085"
"30.0","32.0","23.014932250976585"
"0.0","31.0","21.35262654622398"
"16.0","31.0","23.651555379231795"
"-1.0","30.0","22.191112263997418"
"-8.0","52.0","9.941003417968773"
"7.0","52.0","9.994766235351586"
"-10.0","51.0","12.255686442057314"
"12.0","51.0","9.654827880859397"
"23.0","51.0","7.68258972167971"
"31.0","51.0","6.439187622070335"
"29.0","48.0","7.850088500976585"
"-2.0","47.0","12.490252685546897"
"34.0","47.0","9.520359293619814"
"3.0","46.0","9.20707194010419"
"4.0","46.0","9.386895751953148"
"-8.0","45.0","15.25767517089846"
"7.0","45.0","2.7847259521484604"
"19.0","45.0","11.906904093424503"
"27.0","45.0","10.63096618652346"
"-1.0","42.0","13.501907348632836"
"24.0","42.0","7.65698649088544"
"-9.0","41.0","15.112375895182314"
"2.0","41.0","18.281314086914087"
"11.0","41.0","19.160625203450543"
"18.0","40.0","18.81005554199221"
"34.0","40.0","10.670833333333356"
"-8.0","38.0","16.574683634440127"
"-6.0","38.0","15.886584472656272"
"7.0","38.0","20.169549560546898"
"19.0","38.0","21.202404785156272"
"36.0","38.0","9.73570760091148"
"0.0","37.0","20.22658894856773"
"-13.0","34.0","19.91900329589846"
"11.0","34.0","23.69599304199221"
"21.0","34.0","22.39541219075523"
"-11.0","33.0","20.467515055338563"
"-3.0","33.0","15.791087849934918"
"-2.0","33.0","16.2516052246094"
"13.0","33.0","23.80426025390627"
"35.0","29.0","21.799981689453148"
"1.0","51.0","11.949347941080752"
"-11.0","50.0","12.719695027669294"
"15.0","49.0","7.140847778320335"
"-6.0","48.0","13.716803995768252"
"-10.0","47.0","14.368402099609398"
"8.0","47.0","5.673873901367211"
"-5.0","30.0","22.87647908528648"
"4.0","30.0","23.051032511393252"
"14.0","32.0","22.086854044596375"
"1.0","31.0","21.28097839355471"
"11.0","31.0","20.98492838541669"
"-5.0","35.0","17.01445719401044"
"22.0","35.0","21.744659423828146"
"30.0","35.0","21.703579711914085"
"26.0","34.0","21.847591145833356"
"-6.0","41.0","10.891848754882835"
"23.0","40.0","16.992693074544295"
"-9.0","37.0","17.690870157877626"
"-3.0","50.0","12.92857869466148"
"13.0","50.0","7.02899576822919"
"3.0","49.0","10.412416585286481"
"-8.0","48.0","13.771755981445335"
"19.0","48.0","9.39017028808596"
"23.0","47.0","7.618992106119815"
"-12.0","46.0","14.873154703776065"
"-11.0","43.0","16.086506144205753"
"9.0","43.0","17.214576212565127"
"12.0","29.0","21.874743652343774"
"38.0","32.0","19.819671630859396"
"-9.0","31.0","17.555268351237"
"33.0","36.0","20.09844462076825"
"-6.0","34.0","19.216136678059918"
"7.0","34.0","22.024477132161483"
"36.0","34.0","15.000324503580751"
"15.0","42.0","15.887947591145856"
"5.0","41.0","18.89688212076825"
"8.0","40.0","19.60161031087242"
"24.0","38.0","17.847305297851584"
"2.0","37.0","20.54032389322919"
"11.0","37.0","20.771220906575543"
"-2.0","36.0","19.980029296875024"
"32.0","52.0","5.5142781575521065"
"34.0","50.0","6.508264160156273"
"7.0","48.0","8.606299845377627"
"10.0","46.0","4.824172973632836"
"24.0","45.0","8.041217041015647"
"32.0","45.0","13.77140808105471"
"1.0","44.0","12.360408528645856"
"-2.0","43.0","11.447042846679711"
"22.0","30.0","22.979076131184918"
"30.0","30.0","21.921770222981795"
"-10.0","29.0","20.386865234375023"
"16.0","29.0","23.371548461914085"
"25.0","36.0","20.524404907226586"
"34.0","36.0","22.890110270182316"
"6.0","35.0","17.946075439453146"
"34.0","43.0","15.265788777669293"
"-8.0","41.0","12.319434611002627"
"7.0","41.0","18.68823852539065"
"19.0","41.0","19.371729532877627"
"14.0","39.0","20.367051188151063"
"9.0","36.0","16.730114746093772"
"13.0","36.0","21.55551656087242"
"24.0","52.0","7.284882609049502"
"-2.0","50.0","12.791970825195335"
"18.0","50.0","7.84732360839846"
"25.0","50.0","7.217234293619814"
"22.0","49.0","7.211865234375023"
"5.0","48.0","9.647015380859397"
"36.0","48.0","8.083690388997418"
"27.0","46.0","7.741494750976585"
"13.0","43.0","10.549739583333356"
"0.0","29.0","23.99804382324221"
"23.0","29.0","22.12694498697919"
"31.0","29.0","24.393876139322938"
"20.0","32.0","23.045456949869813"
"21.0","31.0","22.725885009765648"
"4.0","35.0","15.681583658854189"
"5.0","34.0","20.688867187500023"
"-7.0","33.0","18.602563476562523"
"8.0","33.0","21.727587890625024"
"3.0","42.0","15.257993570963565"
"36.0","41.0","10.658350626627627"
"20.0","39.0","20.561155192057313"
"38.0","39.0","8.691418457031272"
"21.0","37.0","21.507213338216168"
"29.0","37.0","14.311529541015648"
"-11.0","36.0","19.248961385091167"
"25.0","43.0","9.282895914713565"
"20.0","52.0","8.15652058919273"
"-11.0","49.0","13.200581868489605"
"-6.0","47.0","14.143006388346377"
"19.0","47.0","11.084146118164085"
"32.0","44.0","14.603465779622418"
"-13.0","43.0","16.2525085449219"
"-9.0","43.0","13.779829915364607"
"11.0","43.0","14.555730183919293"
"21.0","43.0","8.935382080078147"
"5.0","33.0","21.867978922526063"
"-11.0","42.0","16.43352966308596"
"9.0","42.0","13.753626505533877"
"34.0","42.0","12.812734985351586"
"30.0","41.0","15.33242594401044"
"5.0","40.0","19.53842976888023"
"20.0","38.0","20.285197957356793"
"11.0","36.0","21.55183308919273"
"21.0","36.0","21.35681152343752"
"29.0","36.0","22.357368977864606"
"6.0","34.0","22.19567871093752"
"-6.0","33.0","17.46035868326825"
"-3.0","30.0","22.52993876139325"
"-9.0","50.0","12.835772705078147"
"2.0","50.0","10.092361450195336"
"11.0","50.0","8.687952677408877"
"29.0","50.0","6.586883544921898"
"-2.0","49.0","13.093230183919294"
"18.0","49.0","7.878574625651065"
"-7.0","48.0","13.80397135416669"
"-10.0","46.0","14.913739013671897"
"28.0","45.0","11.333449300130232"
"24.0","44.0","11.143011474609398"
"29.0","43.0","15.570920817057315"
"-2.0","42.0","11.399559529622419"
"-7.0","41.0","11.834065755208355"
"-5.0","41.0","10.374181111653668"
"19.0","40.0","20.028897094726585"
"12.0","39.0","20.353186035156273"
"16.0","39.0","18.374375406901063"
"14.0","38.0","16.815169270833355"
"-1.0","37.0","20.115264892578146"
"-13.0","36.0","19.13011881510419"
"-4.0","35.0","16.810889689127627"
"30.0","34.0","22.312329101562522"
"32.0","31.0","24.190364583333356"
"18.0","30.0","22.95257263183596"
"35.0","30.0","19.840283203125022"
"37.0","29.0","19.595237223307315"
"28.0","52.0","6.464000447591169"
"24.0","51.0","7.640932210286481"
"-13.0","50.0","12.814644368489606"
"-3.0","49.0","12.861732991536481"
"13.0","49.0","7.583219401041689"
"34.0","49.0","7.491519165039085"
"6.0","48.0","9.554065958658876"
"30.0","48.0","7.974623616536481"
"23.0","46.0","7.6274180094401265"
"7.0","33.0","21.864448038737002"
"13.0","42.0","11.242961629231793"
"25.0","42.0","10.09722086588544"
"36.0","40.0","8.82359822591148"
"0.0","39.0","19.0583201090495"
"31.0","39.0","10.30836588541669"
"38.0","38.0","11.146989949544293"
"-9.0","36.0","19.106023152669295"
"2.0","36.0","16.018212890625023"
"-3.0","35.0","18.768754069010438"
"35.0","35.0","23.5869323730469"
"-5.0","34.0","17.814289347330753"
"4.0","34.0","18.83298746744794"
"-8.0","29.0","24.193615722656272"
"27.0","29.0","22.902485148112003"
"26.0","33.0","22.49008483886721"
"36.0","33.0","19.158249918619813"
"32.0","51.0","6.088978068033877"
"-5.0","48.0","13.307476806640647"
"-8.0","47.0","14.311091105143252"
"7.0","47.0","8.037764485677107"
"36.0","47.0","9.050573730468773"
"8.0","46.0","0.5629628499349185"
"20.0","45.0","12.007214355468772"
"38.0","45.0","11.14663289388023"
"2.0","43.0","9.85397135416669"
"4.0","41.0","18.639153035481794"
"6.0","41.0","18.873909505208356"
"-8.0","40.0","13.546557617187522"
"-6.0","40.0","13.70287272135419"
"7.0","40.0","19.13088785807294"
"17.0","37.0","21.39935709635419"
"18.0","35.0","22.36524047851565"
"22.0","34.0","22.31839294433596"
"31.0","32.0","23.348343912760438"
"-1.0","31.0","20.84917399088544"
"17.0","31.0","23.882171630859396"
"-4.0","30.0","22.906244913737"
"10.0","29.0","22.13407897949221"
"0.0","32.0","19.666682942708356"
"12.0","32.0","21.255449422200545"
"16.0","32.0","23.848882039388045"
"0.0","52.0","9.938116455078148"
"9.0","50.0","9.426430257161481"
"33.0","50.0","6.623636881510439"
"35.0","48.0","8.313202921549502"
"6.0","47.0","8.941358439127628"
"30.0","47.0","9.196991984049502"
"7.0","46.0","0.3555216471354394"
"19.0","46.0","11.15691324869794"
"37.0","46.0","10.873009236653669"
"0.0","45.0","13.00259195963544"
"20.0","44.0","9.660237630208355"
"-13.0","42.0","16.597046915690125"
"-9.0","42.0","15.380486043294294"
"-4.0","41.0","9.891108194987002"
"30.0","40.0","10.909339396158877"
"10.0","39.0","20.19771118164065"
"31.0","38.0","10.725073242187523"
"17.0","36.0","22.11019490559898"
"15.0","35.0","22.458142089843772"
"18.0","34.0","22.93092244466148"
"8.0","29.0","23.421489461263043"
"30.0","33.0","22.723309326171897"
"37.0","32.0","20.022708129882837"
"28.0","31.0","22.349253336588564"
"-5.0","33.0","13.436938476562522"
"22.0","33.0","21.491639200846375"
"28.0","51.0","6.385234578450544"
"-7.0","47.0","14.325805664062523"
"-5.0","47.0","14.05448913574221"
"36.0","46.0","10.831746419270855"
"16.0","45.0","9.127007039388044"
"26.0","41.0","14.046590169270855"
"4.0","40.0","19.55411783854169"
"6.0","40.0","19.499178059895858"
"27.0","39.0","16.1279479980469"
"0.0","38.0","20.505617268880233"
"12.0","38.0","20.61062723795575"
"-4.0","34.0","16.216492716471375"
"-12.0","32.0","20.680378214518253"
"10.0","32.0","21.442529296875023"
"27.0","32.0","23.06611531575523"
"16.0","52.0","9.479438273112002"
"20.0","51.0","7.787611897786481"
"-13.0","49.0","13.383623250325543"
"2.0","49.0","10.458873494466168"
"26.0","48.0","6.9430399576823145"
"17.0","43.0","17.317707316080753"
"33.0","43.0","15.426180013020856"
"16.0","38.0","19.6977722167969"
"1.0","37.0","20.549124145507836"
"15.0","30.0","22.96869812011721"
"-9.0","49.0","13.336586507161481"
"11.0","49.0","8.506727091471378"
"29.0","49.0","7.029004923502627"
"-4.0","48.0","11.776416015625022"
"-8.0","46.0","14.879973347981794"
"-6.0","46.0","14.753400675455753"
"28.0","44.0","11.908765665690128"
"2.0","42.0","9.871484375000023"
"11.0","42.0","18.98459676106773"
"21.0","42.0","8.627613321940126"
"29.0","42.0","16.528017171223983"
"35.0","41.0","9.40911560058596"
"-7.0","40.0","13.891603597005231"
"-5.0","40.0","12.753320312500023"
"-12.0","39.0","17.68350016276044"
"-1.0","36.0","20.37068074544273"
"3.0","35.0","15.777256266276064"
"-3.0","34.0","17.32087097167971"
"35.0","34.0","23.94714050292971"
"-7.0","29.0","22.99661356608075"
"3.0","30.0","22.53895467122398"
"4.0","33.0","20.497718302408877"
"6.0","33.0","21.95766499837242"
"23.0","43.0","8.336390177408877"
"-5.0","52.0","11.410223388671898"
"22.0","52.0","7.685221354166689"
"-6.0","51.0","12.498619588216169"
"20.0","49.0","4.33393249511721"
"-1.0","48.0","11.014835611979189"
"-9.0","47.0","14.33402506510419"
"21.0","47.0","11.15847371419273"
"-11.0","46.0","14.92958170572919"
"25.0","46.0","7.2734334309896065"
"30.0","45.0","14.073541259765648"
"5.0","44.0","12.276148478190127"
"0.0","43.0","7.243277994791689"
"36.0","31.0","19.024457804362"
"-13.0","29.0","21.32427673339846"
"10.0","31.0","21.937830607096377"
"19.0","31.0","24.0977732340495"
"23.0","36.0","20.847227986653667"
"31.0","36.0","22.423943074544294"
"-1.0","34.0","15.890195719401065"
"32.0","34.0","22.831789143880233"
"1.0","33.0","17.867150878906273"
"17.0","41.0","17.798623657226585"
"1.0","40.0","19.588840738932316"
"7.0","37.0","19.511568196614608"
"10.0","37.0","20.057647705078146"
"8.0","36.0","15.954504394531273"
"5.0","51.0","10.373949178059918"
"12.0","50.0","7.442923990885439"
"14.0","49.0","6.824962361653669"
"38.0","49.0","6.815082804362002"
"17.0","48.0","10.293786621093773"
"9.0","46.0","8.122386678059918"
"3.0","45.0","7.055616251627627"
"4.0","45.0","7.458380126953148"
"22.0","45.0","8.488716634114606"
"20.0","30.0","23.651749674479188"
"11.0","29.0","22.017813110351586"
"29.0","29.0","21.974077351888045"
"-2.0","32.0","19.07730916341148"
"18.0","32.0","23.79521891276044"
"34.0","32.0","23.983896891276064"
"28.0","35.0","21.852529907226586"
"38.0","42.0","15.930779012044294"
"13.0","39.0","20.411509195963564"
"18.0","39.0","20.702826944987002"
"34.0","39.0","10.739477539062523"
"22.0","38.0","14.571843465169293"
"27.0","37.0","20.801703898112002"
"37.0","37.0","15.490668741862002"
"-10.0","36.0","19.123252360026065"
"12.0","36.0","21.694079589843774"
"30.0","52.0","6.109763590494814"
"26.0","51.0","7.091898600260439"
"36.0","51.0","5.094403076171898"
"-10.0","50.0","12.726281738281273"
"16.0","50.0","7.584981282552106"
"31.0","50.0","6.883119710286481"
"32.0","48.0","8.036651611328148"
"1.0","47.0","11.472366333007836"
"-5.0","45.0","15.723468017578147"
"-6.0","44.0","16.448084513346377"
"36.0","44.0","13.854409790039085"
"37.0","31.0","20.581052652994813"
"28.0","30.0","23.169841512044293"
"-9.0","29.0","22.327924601237"
"2.0","29.0","23.445925903320337"
"13.0","32.0","20.326187133789084"
"-8.0","31.0","14.390155029296897"
"-6.0","31.0","17.69482828776044"
"24.0","34.0","22.02536315917971"
"31.0","43.0","15.765982055664086"
"-12.0","42.0","16.532325236002627"
"32.0","41.0","9.65794881184898"
"21.0","40.0","9.54216715494794"
"-3.0","39.0","13.694893391927106"
"35.0","39.0","10.342071533203148"
"15.0","38.0","17.2766784667969"
"4.0","52.0","11.908852132161481"
"0.0","50.0","13.119452921549502"
"-12.0","49.0","13.355098470052106"
"33.0","46.0","11.070527140299502"
"26.0","44.0","11.501023356119815"
"-10.0","43.0","15.75760192871096"
"8.0","43.0","18.46415201822919"
"12.0","43.0","12.87323913574221"
"-3.0","32.0","20.003682454427107"
"7.0","31.0","22.586803181966168"
"20.0","35.0","22.097863769531273"
"14.0","42.0","10.103229777018251"
"-1.0","41.0","11.594282023112003"
"-9.0","40.0","15.423064168294294"
"-2.0","39.0","13.84568786621096"
"3.0","38.0","20.322791544596377"
"4.0","38.0","20.36083679199221"
"-8.0","37.0","17.86154683430992"
"19.0","37.0","21.103020222981794"
